sample_number,window_start,success,prediction,target_scaled,prediction_abs_error_scaled,baseline_prediction,output_difference,gradient_l2,gradient_max_abs,gradient_mean_abs,early_gradient_mean,recent_gradient_mean,early_recent_gradient_ratio,ig_sum,captum_delta,ig_max_abs,absolute_completeness_error,normalized_completeness_error,error
0,0,True,0.18831917643547058,0.33399632573127747,0.14567714929580688,0.14732897281646729,0.040990203619003296,7.350841337467372e+17,4.9306980472324096e+17,2807533148307456.0,1.7511004290573926e+17,0.8913318514823914,1.964588639063109e+17,-3.0148644567745823e+18,-3.0148644567745823e+18,2.2463282315085742e+18,3.0148644567745823e+18,7.355085338740115e+19,
1,2068,True,0.1538301706314087,0.07233172655105591,0.08149844408035278,0.14732897281646729,0.006501197814941406,5.69090725862441e+16,3.102017580957696e+16,213616036937728.0,1.3526137284067328e+16,0.4638805091381073,2.9158666979129972e+16,7835034497056768.0,7835034497056768.0,3293859006119936.0,7835034497056768.0,1.205167835047981e+18,
2,4136,True,0.11930716037750244,0.11802171170711517,0.001285448670387268,0.14732897281646729,-0.028021812438964844,16412149022720.0,5527353425920.0,88466776064.0,4766549671936.0,0.5688048005104065,8379939247451.542,1.614826270716068e+17,1.614826270716068e+17,9.04068110179369e+16,1.614826270716068e+17,5.762747410345931e+18,
3,6205,True,0.07084617018699646,0.04846448078751564,0.02238168939948082,0.14732897281646729,-0.07648280262947083,1273070354432.0,429115211776.0,6833734656.0,379060977664.0,1.045646071434021,362513653538.7617,2742341450334208.0,2742341450334208.0,988710262800384.0,2742341450334208.0,3.585566109003511e+16,
4,8273,True,0.24585683643817902,0.3417843282222748,0.09592749178409576,0.14732897281646729,0.09852786362171173,1316477001007104.0,540326380961792.0,5693220847616.0,304660116144128.0,0.24948325753211975,1221164574961125.5,6.688604109668352e+17,6.688604109668352e+17,2.932611228851241e+17,6.688604109668352e+17,6.788540686602847e+18,
5,10342,True,0.33837971091270447,0.5754885673522949,0.23710885643959045,0.14732897281646729,0.19105073809623718,2.0138910954396058e+17,1.5634225559293133e+17,573576373600256.0,3.426289974037709e+16,0.6556946635246277,5.225435198175924e+16,3.323031315200082e+17,3.323031315200082e+17,3.6729673834142106e+17,3.323031315200082e+17,1.7393449239169083e+18,
6,12410,True,0.3630586862564087,0.33706134557724,0.0259973406791687,0.14732897281646729,0.2157297134399414,3874723805003776.0,2055261573349376.0,16020889665536.0,737507088007168.0,0.6832525134086609,1079406330066519.4,-5.922859973921997e+16,-5.922859973921997e+16,3.218773904667443e+16,5.922859973921997e+16,2.7455003204940752e+17,
7,14479,True,0.3451545238494873,0.29419615864753723,0.05095836520195007,0.14732897281646729,0.19782555103302002,1.0727756281570918e+17,4.737461026134426e+16,455327501778944.0,2.8636539827257344e+16,22.552427291870117,1269776395092535.2,2.6611816652498534e+17,2.6611816652498534e+17,1.2974010433483571e+17,2.6611816652498534e+17,1.3452163541767214e+18,
8,16547,True,0.13767936825752258,0.18788810074329376,0.05020873248577118,0.14732897281646729,-0.009649604558944702,146344951808.0,67545370624.0,816558272.0,39755018240.0,11.864021301269531,3350888980.2605076,160107086217216.0,160107086217216.0,465653341356032.0,160107086217216.0,1.659208781278116e+16,
9,18616,True,0.45597711205482483,0.49660786986351013,0.0406307578086853,0.14732897281646729,0.30864813923835754,4793982903123968.0,2798277493784576.0,18296982208512.0,1099620746788864.0,1.1257741451263428,976768521065525.4,2.060956034263941e+17,2.060956034263941e+17,1.7394151974345114e+17,2.060956034263941e+17,6.677364196469896e+17,
10,20684,True,0.1905859112739563,0.05657448247075081,0.1340114288032055,0.14732897281646729,0.043256938457489014,22498560000.0,6417243648.0,142848752.0,6403969024.0,0.8259159326553345,7753778285.17138,1.313593198903296e+16,1.313593198903296e+16,7136395252465664.0,1.313593198903296e+16,3.0367225368107584e+17,
11,22753,True,0.18035055696964264,0.0881301611661911,0.09222039580345154,0.14732897281646729,0.033021584153175354,4015419817984.0,2070715170816.0,16976400384.0,1060133863424.0,1.1401551961898804,929815403172.0488,260016649011200.0,260016649011200.0,138884964941824.0,260016649011199.97,7874142191277115.0,
12,24821,True,0.05601498484611511,0.08062230050563812,0.02460731565952301,0.14732897281646729,-0.09131398797035217,152104622620672.0,57155537338368.0,797948510208.0,43374916665344.0,0.601403534412384,72122816351128.56,-4488404033077248.0,-4488404033077248.0,2.6060364756025344e+16,4488404033077248.0,4.915352108469284e+16,
13,26890,True,0.3991219699382782,0.3147546947002411,0.08436727523803711,0.14732897281646729,0.2517929971218109,1.5280234354756813e+17,8.109215223434445e+16,602306349367296.0,3.70976726450176e+16,2.544180393218994,1.4581384536998262e+16,3.582345033757491e+16,3.582345033757491e+16,3.722461899338547e+16,3.582345033757491e+16,1.4227341803355312e+17,
14,28958,True,0.3537886142730713,0.33841627836227417,0.01537233591079712,0.14732897281646729,0.206459641456604,4.3752429835413094e+17,3.376928687998894e+17,1399129888522240.0,8.747930117944115e+16,0.764294445514679,1.144575911715965e+17,3.086842387759104e+16,3.086842387759104e+16,8.896911366527386e+16,3.086842387759104e+16,1.4951311384472106e+17,
15,31026,True,0.2751716375350952,0.526829719543457,0.2516580820083618,0.14732897281646729,0.12784266471862793,79232591986688.0,40984511512576.0,384707166208.0,19079207321600.0,2.506155490875244,7612938379548.357,-8812508387213312.0,-8812508387213312.0,1.989482323850035e+16,8812508387213312.0,6.893245229626624e+16,
16,33095,True,0.013537943363189697,0.07745328545570374,0.06391534209251404,0.14732897281646729,-0.1337910294532776,1303320199168.0,417869922304.0,7480826880.0,339154042880.0,1.9130172729492188,177287496394.1859,697309817995264.0,697309817995264.0,752139907366912.0,697309817995264.1,5211932525218862.0,
17,35163,True,0.1157585009932518,0.08564266562461853,0.03011583536863327,0.14732897281646729,-0.031570471823215485,6.301004356544102e+16,2.7626062871527424e+16,292206757806080.0,1.4742612682473472e+16,0.4679626524448395,3.1503823233438996e+16,77140909359104.0,77140909359104.0,59555752968192.0,77140909359104.03,2443451266380336.0,
18,37232,True,0.1156604215502739,0.27650782465934753,0.16084740310907364,0.14732897281646729,-0.03166855126619339,3900800698941440.0,3135721263071232.0,9890230697984.0,644679020314624.0,0.4819955825805664,1337520598971184.0,-1.56586991419392e+16,-1.56586991419392e+16,1.770465513177088e+16,1.56586991419392e+16,4.944558091661307e+17,
19,39300,True,0.028066053986549377,0.09914204478263855,0.07107599079608917,0.14732897281646729,-0.11926291882991791,1486181.75,602502.4375,7724.26611328125,383845.5,0.1262197494506836,3041089.0662556384,-11039240355840.0,-11039240355840.0,8300083544064.0,11039240355839.88,92562218534081.78,
20,41369,True,0.23447471857070923,0.3229105472564697,0.0884358286857605,0.14732897281646729,0.08714574575424194,1896414355390464.0,869323795070976.0,8513172013056.0,466675845562368.0,0.7420346140861511,628913849439625.1,1.916779651494052e+17,1.916779651494052e+17,1.4814531050851533e+17,1.916779651494052e+17,2.1995102972410499e+18,
21,43437,True,0.12813515961170197,0.09793287515640259,0.030202284455299377,0.14732897281646729,-0.01919381320476532,2.637003619303424e+16,1.2954809996935168e+16,79917689602048.0,4729135339405312.0,2.198885679244995,2150696320433128.8,-2.5101185257591276e+18,-2.5101185257591276e+18,1.5981342410974167e+18,2.5101185257591276e+18,1.3077748016246994e+20,
22,45506,True,0.22907018661499023,0.32009196281433105,0.09102177619934082,0.14732897281646729,0.08174121379852295,42129594253312.0,33286080430080.0,135827259392.0,8096729006080.0,3.617913007736206,2237955691241.529,-5.825634541544407e+17,-5.825634541544407e+17,2.219815364030628e+17,5.825634541544407e+17,7.126924437202822e+18,
23,47574,True,0.1738390028476715,0.43345507979393005,0.25961607694625854,0.14732897281646729,0.026510030031204224,219811676160.0,183435902976.0,543757696.0,36732391424.0,1.8658491373062134,19686688859.01019,-4.944788288742359e+17,-4.944788288742359e+17,4.043316915790152e+17,4.944788288742359e+17,1.865251862308515e+19,
24,49643,True,0.08283260464668274,0.10809944570064545,0.025266841053962708,0.14732897281646729,-0.06449636816978455,10867.3671875,4763.369140625,76.87950897216797,2369.831787109375,0.7532798051834106,3146.0179481811037,-4336393650176.0,-4336393650176.0,881679663104.0,4336393650175.9355,67234695117921.805,
25,51711,True,0.05596247315406799,0.1027483344078064,0.0467858612537384,0.14732897281646729,-0.09136649966239929,1757928576.0,747524288.0,9282682.0,454310304.0,0.24130573868751526,1882716534.0991752,33446789382144.0,33446789382144.0,50868489551872.0,33446789382144.09,366072789319547.6,
26,53780,True,0.1124020367860794,0.05523383244872093,0.057168204337358475,0.14732897281646729,-0.03492693603038788,6354226688.0,2992478464.0,28179720.0,1568082560.0,0.3055408298969269,5132153894.224176,5398188785664.0,5398188785664.0,1799077888000.0,5398188785664.035,154556608710618.97,
27,55848,True,0.29641109704971313,0.3322836756706238,0.035872578620910645,0.14732897281646729,0.14908212423324585,124431753216.0,44430974976.0,588960128.0,33868468224.0,0.27487578988075256,123213718598.83665,-1575919198142464.0,-1575919198142464.0,555468825034752.0,1575919198142464.2,1.0570812605717204e+16,
28,57917,True,0.070773646235466,0.06583912670612335,0.004934519529342651,0.14732897281646729,-0.07655532658100128,48134638010368.0,24385165459456.0,175255879680.0,11595381997568.0,0.7570091485977173,15317360456009.375,-3485292140953600.0,-3485292140953600.0,1550216905883648.0,3485292140953600.0,4.552644860342112e+16,
29,59985,True,0.15866702795028687,0.6524202823638916,0.49375325441360474,0.14732897281646729,0.01133805513381958,20140148129792.0,13043195969536.0,62762319872.0,3840529924096.0,0.95022052526474,4041724864894.908,1.882899918671053e+16,1.882899918671053e+16,1.1118495655788544e+16,1.882899918671053e+16,1.6606903885028733e+18,
30,62053,True,0.16809549927711487,0.309347540140152,0.1412520408630371,0.14732897281646729,0.020766526460647583,1865485647872.0,1434826440704.0,6182524416.0,375161978880.0,1.5262197256088257,245811250231.57712,1.037520681165652e+18,1.037520681165652e+18,2.9495918115527066e+17,1.037520681165652e+18,4.996120478221454e+19,
31,64122,True,0.15031148493289948,0.1633111834526062,0.012999698519706726,0.14732897281646729,0.00298251211643219,37001834496.0,19061866496.0,169508512.0,9319345152.0,0.2432258427143097,38315604328.88045,57520961880064.0,57520961880064.0,12124050948096.0,57520961880064.0,1.9286078183510276e+16,
32,66190,True,0.4676312506198883,0.5762497782707214,0.10861852765083313,0.14732897281646729,0.320302277803421,42245324800.0,11202179072.0,307688768.0,10556997632.0,1.218448519706726,8664295176.41091,3.922536078875034e+16,3.922536078875034e+16,9875692107857920.0,3.922536078875034e+16,1.2246357115418842e+17,
33,68259,True,0.07788219302892685,0.0532146580517292,0.024667534977197647,0.14732897281646729,-0.06944677978754044,118228.8984375,38615.4609375,899.7310180664062,15426.2890625,0.16411994397640228,93993.99420169217,-111924633141248.0,-111924633141248.0,159596186435584.0,111924633141247.94,1611660518774937.5,
34,70327,True,0.538920521736145,0.6497241258621216,0.11080360412597656,0.14732897281646729,0.39159154891967773,122245171118080.0,56537120768000.0,552144666624.0,30775453941760.0,0.9992882609367371,30797373635622.375,1523382889742336.0,1523382889742336.0,1019190437740544.0,1523382889742335.5,3890234337133046.0,
35,72396,True,0.18903595209121704,0.0525393970310688,0.13649655506014824,0.14732897281646729,0.041706979274749756,61572135256064.0,23149531889664.0,280172298240.0,15653078564864.0,5.0811567306518555,3080613213608.919,40913275453440.0,40913275453440.0,48668627435520.0,40913275453439.96,980969520303493.0,
36,74464,True,0.3358197808265686,0.46374866366386414,0.12792888283729553,0.14732897281646729,0.18849080801010132,132217520128.0,74413686784.0,534577920.0,31045996544.0,1.099284052848816,28242014849.15905,-3.2534693376792986e+17,-3.2534693376792986e+17,8.743154973304422e+16,3.2534693376792986e+17,1.7260625979637599e+18,
37,76533,True,0.4387131631374359,0.4912708103656769,0.05255764722824097,0.14732897281646729,0.29138419032096863,5.192741303405773e+16,1.987074135687168e+16,317029085085696.0,1.3092008432238592e+16,2.208839178085327,5927098976751692.0,-151001654886400.0,-151001654886400.0,947883444535296.0,151001654886400.28,518221852460660.7,
38,78601,True,0.11549274623394012,0.3494281470775604,0.2339354008436203,0.14732897281646729,-0.03183622658252716,331076468736.0,134518939648.0,1948290688.0,87385333760.0,1.0636502504348755,82156078771.44986,1.732695978797957e+17,1.732695978797957e+17,6.239141365599437e+16,1.732695978797957e+17,5.442529359602234e+18,
39,80670,True,0.3914409875869751,0.5413565635681152,0.14991557598114014,0.14732897281646729,0.2441120147705078,13178664960.0,7669399552.0,91048256.0,2435457536.0,1.5096298456192017,1613281257.6986735,-165335235821568.0,-165335235821568.0,56661628682240.0,165335235821568.25,677292496136760.4,
40,82738,True,0.07458601146936417,0.08564266562461853,0.011056654155254364,0.14732897281646729,-0.07274296134710312,104985.6796875,23961.408203125,997.3651123046875,17569.794921875,0.13985994458198547,125624.20909280168,48972353765376.0,48972353765376.0,22881763328000.0,48972353765376.07,673224637240494.9,
41,84807,True,0.0516679584980011,0.33399632573127747,0.28232836723327637,0.14732897281646729,-0.09566101431846619,59097705611264.0,18519169171456.0,292253597696.0,16607581569024.0,0.3189184367656708,52074698902486.55,-762884976017408.0,-762884976017408.0,5205476203560960.0,762884976017407.9,7974878600698334.0,
42,86875,True,0.058970265090465546,0.05523383244872093,0.0037364326417446136,0.14732897281646729,-0.08835870772600174,1188922.25,436331.0,6617.13232421875,295041.46875,1.67182195186615,176479.00149933057,-595699171328.0,-595699171328.0,7721057779712.0,595699171327.9116,6741827564617.839,
43,88943,True,0.4585748314857483,0.3690411448478699,0.08953368663787842,0.14732897281646729,0.311245858669281,2096149.0,665930.875,21873.2578125,109352.875,0.21416743099689484,510595.259470547,-86816967360512.0,-86816967360512.0,49118407819264.0,86816967360512.31,278933726962394.9,
44,91012,True,0.053907692432403564,0.23260921239852905,0.1787015199661255,0.14732897281646729,-0.09342128038406372,324947168.0,136010288.0,1386303.75,74527928.0,0.2000756710767746,372498703.11019254,-268717514555392.0,-268717514555392.0,238313508175872.0,268717514555391.9,2876405819399952.0,
45,93080,True,0.3771723508834839,0.33056390285491943,0.04660844802856445,0.14732897281646729,0.2298433780670166,7.068244858896384e+16,4.652171136073728e+16,262894998519808.0,1.5741229086015488e+16,5.262176036834717,2991391579420457.5,-3.784784881280614e+16,-3.784784881280614e+16,1.89164855230464e+16,3.784784881280614e+16,1.6466799753354646e+17,
46,95149,True,0.3715966045856476,0.5380332469940186,0.16643664240837097,0.14732897281646729,0.2242676317691803,129601510572032.0,100230712262656.0,435787759616.0,27895235870720.0,0.39285993576049805,71005550150387.36,4.958075062130311e+18,4.958075062130311e+18,5.398632878705738e+18,4.958075062130311e+18,2.2107849550090805e+19,
47,97217,True,0.21477200090885162,0.45030057430267334,0.23552857339382172,0.14732897281646729,0.06744302809238434,7232550912.0,3284707840.0,31529344.0,1732133760.0,1.0486685037612915,1651745765.022314,406263607328768.0,406263607328768.0,208095393349632.0,406263607328767.94,6023804369611621.0,
48,99286,True,0.4750382900238037,0.6107025146484375,0.1356642246246338,0.14732897281646729,0.3277093172073364,13824338944.0,5348071936.0,92079544.0,3797246464.0,0.39181461930274963,9691436401.115807,280221685121024.0,280221685121024.0,120222660952064.0,280221685121023.7,855092212538091.6,
49,101354,True,-0.01170167326927185,0.08750970661640167,0.09921137988567352,0.14732897281646729,-0.15903064608573914,335880.78125,190884.296875,1549.1593017578125,91388.4609375,0.10976540297269821,832579.8335585842,-1798954836557824.0,-1798954836557824.0,355869581639680.0,1798954836557823.8,1.131200105655504e+16,
50,103423,True,0.09594696015119553,0.1033463329076767,0.007399372756481171,0.14732897281646729,-0.05138201266527176,57922046394368.0,39188879638528.0,254675779584.0,13378034597888.0,4.07243537902832,3285020719243.429,-207063225466880.0,-207063225466880.0,167125163442176.0,207063225466879.94,4029877669677206.5,
51,105491,True,0.03534664213657379,0.08062230050563812,0.04527565836906433,0.14732897281646729,-0.1119823306798935,127227368.0,37396736.0,961496.5,22648638.0,1.358604073524475,16670521.192568755,-16770262892544.0,-16770262892544.0,4048003268608.0,16770262892543.889,149758116218644.16,
52,107560,True,0.15146681666374207,0.3454577326774597,0.19399091601371765,0.14732897281646729,0.00413784384727478,267122974392320.0,152717494321152.0,1240931762176.0,68557396246528.0,0.8587873578071594,79830467487997.83,1601483783012352.0,1601483783012352.0,1.6878356037369856e+16,1601483783012352.0,3.870334023552072e+17,
53,109628,True,0.20531439781188965,0.425315797328949,0.22000139951705933,0.14732897281646729,0.05798542499542236,3686073344.0,3136814336.0,10886329.0,668078016.0,0.19707167148590088,3390025623.4838724,-5755000626085888.0,-5755000626085888.0,2367279941550080.0,5755000626085888.0,9.92490893434163e+16,
54,111697,True,0.21242433786392212,0.3353613615036011,0.12293702363967896,0.14732897281646729,0.06509536504745483,211999082414080.0,105432035098624.0,910253359104.0,53468538601472.0,0.9525236487388611,56133554975001.63,-1811857992056832.0,-1811857992056832.0,566609601101824.0,1811857992056832.0,2.7833901702650332e+16,
55,113765,True,0.2624713182449341,0.380499005317688,0.1180276870727539,0.14732897281646729,0.1151423454284668,1424973627392.0,637419585536.0,6271117824.0,345721143296.0,3.5913162231445312,96265859594.31024,-1920609516781568.0,-1920609516781568.0,1286691000156160.0,1920609516781568.0,1.6680305665287002e+16,
56,115834,True,0.03491474688053131,0.1116286963224411,0.07671394944190979,0.14732897281646729,-0.11241422593593597,25870662.0,8478785.0,178488.859375,6148613.5,0.321176677942276,19144022.34742919,-5340758278144.0,-5340758278144.0,2219522916352.0,5340758278143.888,47509629974590.91,
57,117902,True,0.12789876759052277,0.3326267600059509,0.20472799241542816,0.14732897281646729,-0.01943020522594452,269211189248.0,80297730048.0,1478605312.0,79307776000.0,1.177773118019104,67337057355.65412,-23020030656512.0,-23020030656512.0,20402669617152.0,23020030656511.98,1184754890009567.8,
58,119970,True,0.03755822777748108,0.09914204478263855,0.06158381700515747,0.14732897281646729,-0.1097707450389862,1.1265195632492544e+16,9075277707608064.0,28220017606656.0,1740623140880384.0,0.19821719825267792,8781393119387753.0,-3.605565344946586e+16,-3.605565344946586e+16,8798567460241408.0,3.605565344946586e+16,3.284632297642861e+17,
59,122039,True,0.03551280498504639,0.3257100284099579,0.2901972234249115,0.14732897281646729,-0.1118161678314209,106420766769152.0,40858040664064.0,687337504768.0,23131664154624.0,0.43719300627708435,52909501804710.03,-4415223427497984.0,-4415223427497984.0,1706996902395904.0,4415223427497984.0,3.948644916999022e+16,
60,124107,True,0.0831843689084053,0.08439329266548157,0.0012089237570762634,0.14732897281646729,-0.06414460390806198,31999381209088.0,26226796265472.0,94098350080.0,6131975454720.0,0.18342077732086182,33431193261127.7,-4.623107521878426e+16,-4.623107521878426e+16,1.0198438499057664e+16,4.623107521878426e+16,7.20732102178481e+17,
61,126176,True,0.24228757619857788,0.3186753988265991,0.07638782262802124,0.14732897281646729,0.0949586033821106,150371729408.0,100929536000.0,764951360.0,32923242496.0,0.670287549495697,49118087484.64804,-9679980111855616.0,-9679980111855616.0,4.259184634966835e+16,9679980111855616.0,1.019389477834012e+17,
62,128244,True,0.17139261960983276,0.24381649494171143,0.07242387533187866,0.14732897281646729,0.02406364679336548,4.018766539128832e+16,1.6002733538541568e+16,245829348622336.0,1.0830690971025408e+16,3.7942206859588623,2854523199218791.0,4361276222341120.0,4361276222341120.0,813209778913280.0,4361276222341120.0,1.8123920532952288e+17,
63,130313,True,0.03333716094493866,0.08688829839229584,0.05355113744735718,0.14732897281646729,-0.11399181187152863,0.4065239131450653,0.1420316994190216,0.004187624901533127,0.006332067307084799,0.10376396030187607,0.06102376286201091,-125472797097984.0,-125472797097984.0,31293167370240.0,125472797097983.89,1100717630826799.0,
64,132381,True,0.04432663321495056,0.18740087747573853,0.14307424426078796,0.14732897281646729,-0.10300233960151672,181447952.0,47644152.0,1571454.125,40241884.0,0.1450718194246292,277392840.04022104,1.161338755743744e+16,1.161338755743744e+16,9211799685562368.0,1.161338755743744e+16,1.1274877446719358e+17,
65,134450,True,0.06690005958080292,0.0612327866256237,0.0056672729551792145,0.14732897281646729,-0.08042891323566437,25092.5546875,8664.2939453125,161.38941955566406,5701.50537109375,0.21618807315826416,26372.895080663704,-399458902736896.0,-399458902736896.0,211053820510208.0,399458902736895.94,4966608234049821.0,
66,136518,True,0.38774406909942627,0.3322836756706238,0.05546039342880249,0.14732897281646729,0.24041509628295898,124207560130560.0,95808900825088.0,458070360064.0,25903222489088.0,5.841122627258301,4434630830759.741,-1.1364761564348416e+16,-1.1364761564348416e+16,6683789451329536.0,1.1364761564348416e+16,4.727141406679917e+16,
67,138587,True,0.2003282755613327,0.3387543261051178,0.1384260505437851,0.14732897281646729,0.05299930274486542,107132116992.0,51885981696.0,375671680.0,23314397184.0,0.10189983993768692,228797191421.0764,-443082852007936.0,-443082852007936.0,246660559011840.0,443082852007936.06,8360163795598271.0,
68,140655,True,0.3201213479042053,0.33841627836227417,0.018294930458068848,0.14732897281646729,0.17279237508773804,331806658265088.0,256213656797184.0,1270288220160.0,74271409831936.0,1.0378960371017456,71559585138540.34,-1.3352669353187738e+17,-1.3352669353187738e+17,1.3311271022415053e+17,1.3352669353187738e+17,7.72758019347233e+17,
69,142724,True,0.30713802576065063,0.53363037109375,0.22649234533309937,0.14732897281646729,0.15980905294418335,2292416782532608.0,1843681552236544.0,6687681937408.0,428114689654784.0,0.5275418758392334,811527405239106.5,1516281027100672.0,1516281027100672.0,1375487704170496.0,1516281027100671.8,9488079674815272.0,
70,144792,True,0.30006301403045654,0.40882471203804016,0.10876169800758362,0.14732897281646729,0.15273404121398926,20551405928448.0,12499185303552.0,95846432768.0,4739349086208.0,2.875124454498291,1648397890669.7505,16903140540416.0,16903140540416.0,10782563631104.0,16903140540415.848,110670420332968.83,
71,146860,True,0.1766798347234726,0.598094642162323,0.4214148074388504,0.14732897281646729,0.02935086190700531,67282751455232.0,41380541890560.0,158997544960.0,10517531852800.0,0.7278251647949219,14450629576353.695,4.460454447499182e+17,4.460454447499182e+17,3.364275027150111e+17,4.460454447499182e+17,1.5197013503315943e+19,
72,148929,True,0.059180401265621185,0.09183351695537567,0.032653115689754486,0.14732897281646729,-0.0881485715508461,9818127.0,7012261.0,37755.45703125,2349901.5,0.03241322562098503,72498230.42846505,-12193730920448.0,-12193730920448.0,2872787337216.0,12193730920447.912,138331577083764.3,
73,150997,True,0.3285370469093323,0.4398529529571533,0.11131590604782104,0.14732897281646729,0.181208074092865,1273060917248.0,1043691732992.0,5278834688.0,209804378112.0,0.4164551794528961,503786213891.30853,-1.7590002053545984e+16,-1.7590002053545984e+16,4.331913463673651e+16,1.7590002053545984e+16,9.707074114387662e+16,
74,153066,True,-0.0029986798763275146,0.11221399903297424,0.11521267890930176,0.14732897281646729,-0.1503276526927948,229490.59375,113887.046875,1508.871826171875,27069.341796875,0.32430097460746765,83469.81327959191,3198065397727232.0,3198065397727232.0,648626095259648.0,3198065397727232.0,2.1273966169360944e+16,
75,155134,True,0.17001847922801971,0.46074190735816956,0.29072342813014984,0.14732897281646729,0.02268950641155243,5284722900992.0,1850739785728.0,28640270336.0,1561754730496.0,0.21386995911598206,7302356707559.184,-7.483552734537318e+16,-7.483552734537318e+16,7.115861443320218e+16,7.483552734537318e+16,3.298243954040896e+18,
76,157203,True,0.09714998304843903,0.3966705799102783,0.2995205968618393,0.14732897281646729,-0.05017898976802826,4404142080.0,2431085056.0,27992884.0,1058492608.0,0.36296388506889343,2916247735.7742896,-4.978204680493466e+16,-4.978204680493466e+16,4.165096933897011e+16,4.978204680493466e+16,9.920894588368416e+17,
77,159271,True,0.1373477429151535,0.34010374546051025,0.20275600254535675,0.14732897281646729,-0.009981229901313782,46019148513280.0,23581920591872.0,180281540608.0,10983865057280.0,0.6811092495918274,16126436491447.4,-29133377634304.0,-29133377634304.0,8483425484800.0,29133377634303.99,2918816410345431.0,
78,161340,True,0.20725829899311066,0.6439555883407593,0.4366972893476486,0.14732897281646729,0.05992932617664337,169453002162176.0,99816113700864.0,866100510720.0,41437919969280.0,0.5919108986854553,70007023120046.21,-505534025302016.0,-505534025302016.0,297817528598528.0,505534025302016.06,8435503242661278.0,
79,163408,True,0.10677852481603622,0.06321322917938232,0.0435652956366539,0.14732897281646729,-0.04055044800043106,12112373760.0,5042463744.0,66276416.0,3454808576.0,0.34406647086143494,10041107950.3046,335091469385728.0,335091469385728.0,64330733191168.0,335091469385728.06,8263570093575844.0,
80,165477,True,0.08771014213562012,0.07297539710998535,0.014734745025634766,0.14732897281646729,-0.05961883068084717,48167780352.0,31041284096.0,226260144.0,12193853440.0,0.687055766582489,17747982089.800255,-2480857935773696.0,-2480857935773696.0,1446545119510528.0,2480857935773696.0,4.161198580047078e+16,
81,167545,True,0.10268113017082214,0.08750970661640167,0.015171423554420471,0.14732897281646729,-0.04464784264564514,693913124864.0,348396552192.0,2438610176.0,147495321600.0,0.9540702104568481,154595877728.29965,-28675875536896.0,-28675875536896.0,7667463487488.0,28675875536895.957,642267886577285.1,
82,169614,True,0.19639013707637787,0.35303446650505066,0.1566443294286728,0.14732897281646729,0.049061164259910583,18523209728.0,16329203712.0,34261964.0,2535426816.0,0.9602813720703125,2640295740.12642,-30892894453760.0,-30892894453760.0,30226054643712.0,30892894453760.05,629681234009644.6,
83,171682,True,0.048466503620147705,0.09367281198501587,0.045206308364868164,0.14732897281646729,-0.09886246919631958,193496229085184.0,102750960484352.0,1019136180224.0,44866893512704.0,1.859288215637207,24131220289226.336,-827628789432320.0,-827628789432320.0,403654314033152.0,827628789432319.9,8371516472853371.0,
84,173751,True,0.41196197271347046,0.39755070209503174,0.01441127061843872,0.14732897281646729,0.2646329998970032,546975154176.0,270023933952.0,3561282560.0,140425347072.0,1.3483915328979492,104142857357.01654,8430548355645440.0,8430548355645440.0,6120273635966976.0,8430548355645440.0,3.185750967904534e+16,
85,175819,True,0.06245787441730499,0.09367281198501587,0.031214937567710876,0.14732897281646729,-0.08487109839916229,48661147648.0,20942540800.0,245731696.0,12148669440.0,0.323260635137558,37581654304.52224,-26457378127872.0,-26457378127872.0,16175135195136.0,26457378127871.914,311736016460243.2,
86,177887,True,0.10213255882263184,0.32044532895088196,0.21831277012825012,0.14732897281646729,-0.04519641399383545,4538826752000.0,2349298352128.0,18783741952.0,1074647465984.0,0.3235541880130768,3321383266844.214,669680763142144.0,669680763142144.0,176229806243840.0,669680763142144.0,1.4817121624265762e+16,
87,179956,True,0.18871431052684784,0.4466738998889923,0.25795958936214447,0.14732897281646729,0.041385337710380554,44889448448.0,22091702272.0,164523744.0,9578314752.0,0.19543664157390594,49009820650.12554,3.820951512390042e+16,3.820951512390042e+16,2.300654207683789e+16,3.820951512390042e+16,9.232621318780052e+17,
88,182024,True,0.24664972722530365,0.3702952563762665,0.12364552915096283,0.14732897281646729,0.09932075440883636,306283848663040.0,249369089540096.0,682855825408.0,42940151889920.0,0.5267075896263123,81525599280589.67,-3170939994898432.0,-3170939994898432.0,1119938492235776.0,3170939994898432.0,3.192625764615007e+16,
89,184093,True,0.13910223543643951,0.38263139128685,0.24352915585041046,0.14732897281646729,-0.008226737380027771,385586659328.0,153733922816.0,2243441664.0,108780609536.0,1.1622495651245117,93594880824.3661,54287329656832.0,54287329656832.0,12352530415616.0,54287329656832.01,6598889346100636.0,
90,186161,True,-0.01463213562965393,0.116287961602211,0.13092009723186493,0.14732897281646729,-0.16196110844612122,449707552.0,191684720.0,2306721.5,119230136.0,0.5344784259796143,223077546.64085844,-601898461691904.0,-601898461691904.0,87481974259712.0,601898461691903.9,3716314783610030.0,
91,188230,True,0.19034799933433533,0.3454577326774597,0.1551097333431244,0.14732897281646729,0.04301902651786804,1632230912.0,735293952.0,8605283.0,369854560.0,1.3970638513565063,264737048.0890208,6845617913462784.0,6845617913462784.0,8859096434343936.0,6845617913462784.0,1.5913000519573152e+17,
92,190298,True,0.10811877250671387,0.3232614994049072,0.21514272689819336,0.14732897281646729,-0.03921020030975342,412224451510272.0,358019279880192.0,874358308864.0,62473575071744.0,0.8510786294937134,73405174218636.02,218419957858304.0,218419957858304.0,336527531966464.0,218419957858304.03,5570488192543160.0,
93,192367,True,0.19744661450386047,0.346122145652771,0.14867553114891052,0.14732897281646729,0.05011764168739319,84250766344192.0,73817586139136.0,159972245504.0,10769813995520.0,2.2953243255615234,4692066334845.858,91401366798336.0,91401366798336.0,44976507453440.0,91401366798335.95,1823736387410737.2,
94,194435,True,0.3205082416534424,0.4350638687610626,0.11455562710762024,0.14732897281646729,0.1731792688369751,1742946048.0,1628911360.0,3954039.5,292685024.0,0.08158892393112183,3587313202.5504785,-1200880103718912.0,-1200880103718912.0,396116713537536.0,1200880103718912.2,6934317899461998.0,
95,196504,True,0.10513406991958618,0.31832054257392883,0.21318647265434265,0.14732897281646729,-0.042194902896881104,3566955575377920.0,2382618880376832.0,11748754063360.0,711063444127744.0,1.902233362197876,373804528013412.6,-3.329460022248735e+17,-3.329460022248735e+17,9.386905287471923e+17,3.329460022248735e+17,7.890668762306666e+18,
96,198572,True,0.2279682159423828,0.50278639793396,0.27481818199157715,0.14732897281646729,0.08063924312591553,10309216501760.0,4771930963968.0,40654196736.0,2254714961920.0,0.8479547500610352,2659003869908.987,683973743214592.0,683973743214592.0,777880854331392.0,683973743214591.9,8481896861781148.0,
97,200641,True,0.25129979848861694,0.4200766384601593,0.16877683997154236,0.14732897281646729,0.10397082567214966,20761993543680.0,9796582375424.0,101629968384.0,5164093669376.0,2.5283966064453125,2042438142897.3003,770968909774848.0,770968909774848.0,198116120723456.0,770968909774847.9,7415242735481610.0,
98,202709,True,0.09168446063995361,0.3737246096134186,0.28204014897346497,0.14732897281646729,-0.05564451217651367,4026501693440.0,1452001853440.0,21696604160.0,1153914109952.0,0.6777533292770386,1702557641705.55,-60375605182464.0,-60375605182464.0,124994277343232.0,60375605182463.945,1085023532776375.8,
99,204778,True,0.05529215931892395,0.11974819004535675,0.0644560307264328,0.14732897281646729,-0.09203681349754333,132929429504.0,102111297536.0,401088064.0,23912372224.0,0.39252734184265137,60918997672.23227,68219037548544.0,68219037548544.0,35570176753664.0,68219037548544.09,741214683074874.1,
